utc_times,frequencies_Hz,virtual_heights_km,echo_detected
2026-02-28 00:00:41,7000000,293.1737910522651,True
2026-02-28 00:00:47,7025000,301.6159682815188,True
2026-02-28 00:00:52,7050000,283.1966725086016,True
2026-02-28 00:00:57,3525000,,False
2026-02-28 00:01:02,3550000,,False
2026-02-28 00:01:07,3575000,,False
2026-02-28 00:06:12,7000000,310.0581455107725,True
2026-02-28 00:06:18,7025000,305.4533215675432,True
2026-02-28 00:06:23,7050000,,False
2026-02-28 00:06:28,3525000,,False
2026-02-28 00:06:33,3550000,,False
2026-02-28 00:06:38,3575000,412.8992135762267,True
2026-02-28 00:11:44,7000000,323.10514668325544,True
2026-02-28 00:11:49,7025000,325.4075586548701,True
2026-02-28 00:11:54,7050000,321.5702053688457,True
2026-02-28 00:11:59,3525000,,False
2026-02-28 00:12:04,3550000,,False
2026-02-28 00:12:10,3575000,,False
2026-02-28 00:17:15,7000000,317.73285208282135,True
2026-02-28 00:17:20,7025000,,False
2026-02-28 00:17:25,7050000,287.8014964518309,True
2026-02-28 00:17:30,3525000,,False
2026-02-28 00:17:36,3550000,,False
2026-02-28 00:17:41,3575000,,False
2026-02-28 00:22:46,7000000,324.6400879976652,True
2026-02-28 00:22:51,7025000,,False
2026-02-28 00:22:56,7050000,,False
2026-02-28 00:23:02,3525000,,False
2026-02-28 00:23:07,3550000,,False
2026-02-28 00:23:12,3575000,,False
2026-02-28 00:28:17,7000000,313.12802813959206,True
2026-02-28 00:28:22,7025000,325.4075586548701,True
2026-02-28 00:28:28,7050000,327.7099706264848,True
2026-02-28 00:28:33,3525000,,False
2026-02-28 00:28:38,3550000,,False
2026-02-28 00:28:43,3575000,,False
2026-02-28 00:33:48,7000000,320.8027347116408,True
2026-02-28 00:33:54,7025000,,False
2026-02-28 00:33:59,7050000,,False
2026-02-28 00:34:04,3525000,,False
2026-02-28 00:34:09,3550000,,False
2026-02-28 00:34:14,3575000,,False
2026-02-28 00:39:19,7000000,303.9183802531334,True
2026-02-28 00:39:25,7025000,320.8027347116408,True
2026-02-28 00:39:30,7050000,,False
2026-02-28 00:39:35,3525000,,False
2026-02-28 00:39:40,3550000,,False
2026-02-28 00:39:45,3575000,,False
2026-02-28 00:44:51,7000000,349.9666196854264,True
2026-02-28 00:44:56,7025000,364.5485621723191,True
2026-02-28 00:45:01,7050000,,False
2026-02-28 00:45:06,3525000,,False
2026-02-28 00:45:11,3550000,,False
2026-02-28 00:45:17,3575000,,False
2026-02-28 00:50:22,7000000,293.1737910522651,True
2026-02-28 00:50:27,7025000,307.75573353915786,True
2026-02-28 00:50:32,7050000,,False
2026-02-28 00:50:38,3525000,,False
2026-02-28 00:50:43,3550000,,False
2026-02-28 00:50:48,3575000,,False
2026-02-28 00:55:53,7000000,370.68832742995824,True
2026-02-28 00:55:58,7025000,,False
2026-02-28 00:56:04,7050000,,False
2026-02-28 00:56:09,3525000,,False
2026-02-28 00:56:14,3550000,,False
2026-02-28 00:56:19,3575000,,False
2026-02-28 01:01:24,7000000,297.01114433828945,True
2026-02-28 01:01:30,7025000,306.98826288195295,True
2026-02-28 01:01:35,7050000,348.43167837101663,True
2026-02-28 01:01:40,3525000,,False
2026-02-28 01:01:45,3550000,,False
2026-02-28 01:01:50,3575000,,False
2026-02-28 01:06:55,7000000,,False
2026-02-28 01:07:01,7025000,356.1063849430654,True
2026-02-28 01:07:06,7050000,387.5726818884656,True
2026-02-28 01:07:11,3525000,,False
2026-02-28 01:07:16,3550000,,False
2026-02-28 01:07:21,3575000,,False
2026-02-28 01:12:27,7000000,339.9895011417629,True
2026-02-28 01:12:32,7025000,,False
2026-02-28 01:12:37,7050000,328.47744128368964,True
2026-02-28 01:12:42,3525000,,False
2026-02-28 01:12:47,3550000,,False
2026-02-28 01:12:53,3575000,,False
2026-02-28 01:17:58,7000000,306.2207922247481,True
2026-02-28 01:18:03,7025000,274.7544952793479,True
2026-02-28 01:18:08,7050000,,False
2026-02-28 01:18:13,3525000,,False
2026-02-28 01:18:19,3550000,,False
2026-02-28 01:18:24,3575000,,False
2026-02-28 01:23:29,7000000,350.7340903426313,True
2026-02-28 01:23:34,7025000,,False
2026-02-28 01:23:39,7050000,,False
2026-02-28 01:23:45,3525000,,False
2026-02-28 01:23:50,3550000,,False
2026-02-28 01:23:55,3575000,,False
2026-02-28 01:29:00,7000000,,False
2026-02-28 01:29:05,7025000,,False
2026-02-28 01:29:11,7050000,379.8979753164168,True
2026-02-28 01:29:16,3525000,,False
2026-02-28 01:29:21,3550000,,False
2026-02-28 01:29:26,3575000,,False
2026-02-28 01:34:31,7000000,362.2461502007045,True
2026-02-28 01:34:37,7025000,368.38591545834356,True
2026-02-28 01:34:42,7050000,,False
2026-02-28 01:34:47,3525000,,False
2026-02-28 01:34:52,3550000,,False
2026-02-28 01:34:57,3575000,,False
2026-02-28 01:40:02,7000000,,False
2026-02-28 01:40:08,7025000,300.8484976243139,True
2026-02-28 01:40:13,7050000,,False
2026-02-28 01:40:18,3525000,,False
2026-02-28 01:40:23,3550000,,False
2026-02-28 01:40:28,3575000,,False
2026-02-28 01:45:34,7000000,,False
2026-02-28 01:45:39,7025000,388.3401525456705,True
2026-02-28 01:45:44,7050000,297.01114433828945,True
2026-02-28 01:45:49,3525000,,False
2026-02-28 01:45:54,3550000,,False
2026-02-28 01:46:00,3575000,,False
2026-02-28 01:51:05,7000000,,False
2026-02-28 01:51:10,7025000,306.98826288195295,True
2026-02-28 01:51:15,7050000,,False
2026-02-28 01:51:20,3525000,,False
2026-02-28 01:51:26,3550000,,False
2026-02-28 01:51:31,3575000,,False
2026-02-28 01:56:36,7000000,339.9895011417629,True
2026-02-28 01:56:41,7025000,320.03526405443597,True
2026-02-28 01:56:46,7050000,,False
2026-02-28 01:56:52,3525000,,False
2026-02-28 01:56:57,3550000,,False
2026-02-28 01:57:02,3575000,,False
2026-02-28 02:02:07,7000000,315.4304401112067,True
2026-02-28 02:02:12,7025000,334.6172065413287,True
2026-02-28 02:02:18,7050000,,False
2026-02-28 02:02:23,3525000,,False
2026-02-28 02:02:28,3550000,,False
2026-02-28 02:02:33,3575000,,False
2026-02-28 02:07:38,7000000,316.96538142561644,True
2026-02-28 02:07:44,7025000,332.3147945697141,True
2026-02-28 02:07:49,7050000,,False
2026-02-28 02:07:54,3525000,,False
2026-02-28 02:07:59,3550000,,False
2026-02-28 02:08:04,3575000,,False
2026-02-28 02:13:09,7000000,,False
2026-02-28 02:13:15,7025000,331.54732391250917,True
2026-02-28 02:13:20,7050000,336.9196185129434,True
2026-02-28 02:13:25,3525000,,False
2026-02-28 02:13:30,3550000,,False
2026-02-28 02:13:35,3575000,,False
2026-02-28 02:18:41,7000000,371.4557980871631,True
2026-02-28 02:18:46,7025000,,False
2026-02-28 02:18:51,7050000,381.4329166308266,True
2026-02-28 02:18:56,3525000,,False
2026-02-28 02:19:01,3550000,,False
2026-02-28 02:19:06,3575000,,False
2026-02-28 02:24:12,7000000,356.8738556002703,True
2026-02-28 02:24:17,7025000,363.01362085790936,True
2026-02-28 02:24:22,7050000,,False
2026-02-28 02:24:27,3525000,,False
2026-02-28 02:24:32,3550000,,False
2026-02-28 02:24:38,3575000,,False
2026-02-28 02:29:43,7000000,372.99073940157285,True
2026-02-28 02:29:48,7025000,360.71120888629474,True
2026-02-28 02:29:53,7050000,,False
2026-02-28 02:29:58,3525000,,False
2026-02-28 02:30:04,3550000,,False
2026-02-28 02:30:09,3575000,,False
2026-02-28 02:35:14,7000000,392.9449764888998,True
2026-02-28 02:35:19,7025000,407.52691897579257,True
2026-02-28 02:35:24,7050000,,False
2026-02-28 02:35:30,3525000,,False
2026-02-28 02:35:35,3550000,,False
2026-02-28 02:35:40,3575000,,False
2026-02-28 02:40:45,7000000,390.6425645172851,True
2026-02-28 02:40:50,7025000,421.34139080548044,True
2026-02-28 02:40:56,7050000,,False
2026-02-28 02:41:01,3525000,,False
2026-02-28 02:41:06,3550000,,False
2026-02-28 02:41:11,3575000,,False
2026-02-28 02:46:16,7000000,,False
2026-02-28 02:46:22,7025000,441.29562789280743,True
2026-02-28 02:46:27,7050000,,False
2026-02-28 02:46:32,3525000,,False
2026-02-28 02:46:37,3550000,,False
2026-02-28 02:46:42,3575000,,False
2026-02-28 02:51:48,7000000,448.9703344648562,True
2026-02-28 02:51:53,7025000,,False
2026-02-28 02:51:58,7050000,,False
2026-02-28 02:52:03,3525000,,False
2026-02-28 02:52:08,3550000,,False
2026-02-28 02:52:13,3575000,290.10390842344555,True
2026-02-28 02:57:19,7000000,,False
2026-02-28 02:57:24,7025000,,False
2026-02-28 02:57:29,7050000,,False
2026-02-28 02:57:34,3525000,,False
2026-02-28 02:57:39,3550000,,False
2026-02-28 02:57:45,3575000,,False
2026-02-28 03:02:50,7000000,,False
2026-02-28 03:02:55,7025000,,False
2026-02-28 03:03:01,7050000,,False
2026-02-28 03:03:06,3525000,,False
2026-02-28 03:03:11,3550000,,False
2026-02-28 03:03:16,3575000,,False
2026-02-28 03:08:22,7000000,,False
2026-02-28 03:08:27,7025000,,False
2026-02-28 03:08:33,7050000,,False
2026-02-28 03:08:38,3525000,,False
2026-02-28 03:08:43,3550000,,False
2026-02-28 03:08:48,3575000,,False
2026-02-28 03:13:53,7000000,,False
2026-02-28 03:13:59,7025000,,False
2026-02-28 03:14:04,7050000,,False
2026-02-28 03:14:09,3525000,,False
2026-02-28 03:14:14,3550000,,False
2026-02-28 03:14:19,3575000,,False
2026-02-28 03:19:25,7000000,,False
2026-02-28 03:19:30,7025000,,False
2026-02-28 03:19:35,7050000,,False
2026-02-28 03:19:40,3525000,,False
2026-02-28 03:19:45,3550000,,False
2026-02-28 03:19:50,3575000,,False
2026-02-28 03:24:56,7000000,,False
2026-02-28 03:25:01,7025000,,False
2026-02-28 03:25:06,7050000,,False
2026-02-28 03:25:11,3525000,,False
2026-02-28 03:25:16,3550000,,False
2026-02-28 03:25:22,3575000,,False
2026-02-28 03:30:27,7000000,,False
2026-02-28 03:30:32,7025000,,False
2026-02-28 03:30:37,7050000,,False
2026-02-28 03:30:42,3525000,,False
2026-02-28 03:30:48,3550000,440.5281572356025,True
2026-02-28 03:30:53,3575000,,False
2026-02-28 03:35:58,7000000,,False
2026-02-28 03:36:03,7025000,,False
2026-02-28 03:36:08,7050000,,False
2026-02-28 03:36:13,3525000,,False
2026-02-28 03:36:19,3550000,,False
2026-02-28 03:36:24,3575000,,False
2026-02-28 03:41:29,7000000,,False
2026-02-28 03:41:34,7025000,,False
2026-02-28 03:41:39,7050000,,False
2026-02-28 03:41:45,3525000,,False
2026-02-28 03:41:50,3550000,,False
2026-02-28 03:41:55,3575000,,False
2026-02-28 03:47:00,7000000,,False
2026-02-28 03:47:05,7025000,,False
2026-02-28 03:47:11,7050000,,False
2026-02-28 03:47:16,3525000,,False
2026-02-28 03:47:21,3550000,,False
2026-02-28 03:47:26,3575000,,False
2026-02-28 03:52:31,7000000,,False
2026-02-28 03:52:37,7025000,,False
2026-02-28 03:52:42,7050000,,False
2026-02-28 03:52:47,3525000,,False
2026-02-28 03:52:52,3550000,,False
2026-02-28 03:52:57,3575000,,False
2026-02-28 03:58:02,7000000,,False
2026-02-28 03:58:08,7025000,,False
2026-02-28 03:58:13,7050000,,False
2026-02-28 03:58:18,3525000,349.9666196854264,True
2026-02-28 03:58:23,3550000,,False
2026-02-28 03:58:28,3575000,,False
2026-02-28 04:03:34,7000000,,False
2026-02-28 04:03:39,7025000,,False
2026-02-28 04:03:44,7050000,,False
2026-02-28 04:03:49,3525000,,False
2026-02-28 04:03:54,3550000,,False
2026-02-28 04:04:00,3575000,,False
2026-02-28 04:09:05,7000000,,False
2026-02-28 04:09:10,7025000,,False
2026-02-28 04:09:15,7050000,,False
2026-02-28 04:09:20,3525000,,False
2026-02-28 04:09:26,3550000,,False
2026-02-28 04:09:31,3575000,,False
2026-02-28 04:14:36,7000000,,False
2026-02-28 04:14:41,7025000,,False
2026-02-28 04:14:46,7050000,,False
2026-02-28 04:14:52,3525000,,False
2026-02-28 04:14:57,3550000,,False
2026-02-28 04:15:02,3575000,,False
2026-02-28 04:20:07,7000000,,False
2026-02-28 04:20:12,7025000,,False
2026-02-28 04:20:18,7050000,,False
2026-02-28 04:20:23,3525000,,False
2026-02-28 04:20:28,3550000,,False
2026-02-28 04:20:33,3575000,,False
2026-02-28 04:25:38,7000000,,False
2026-02-28 04:25:44,7025000,,False
2026-02-28 04:25:49,7050000,,False
2026-02-28 04:25:54,3525000,,False
2026-02-28 04:25:59,3550000,,False
2026-02-28 04:26:04,3575000,,False
2026-02-28 04:31:09,7000000,,False
2026-02-28 04:31:15,7025000,,False
2026-02-28 04:31:20,7050000,,False
2026-02-28 04:31:25,3525000,,False
2026-02-28 04:31:30,3550000,,False
2026-02-28 04:31:35,3575000,,False
2026-02-28 04:36:41,7000000,,False
2026-02-28 04:36:46,7025000,,False
2026-02-28 04:36:51,7050000,,False
2026-02-28 04:36:56,3525000,,False
2026-02-28 04:37:01,3550000,,False
2026-02-28 04:37:06,3575000,,False
2026-02-28 04:42:12,7000000,,False
2026-02-28 04:42:17,7025000,,False
2026-02-28 04:42:22,7050000,,False
2026-02-28 04:42:27,3525000,,False
2026-02-28 04:42:32,3550000,,False
2026-02-28 04:42:38,3575000,,False
2026-02-28 04:47:43,7000000,,False
2026-02-28 04:47:48,7025000,,False
2026-02-28 04:47:53,7050000,,False
2026-02-28 04:47:58,3525000,,False
2026-02-28 04:48:04,3550000,,False
2026-02-28 04:48:09,3575000,,False
2026-02-28 04:53:14,7000000,,False
2026-02-28 04:53:19,7025000,,False
2026-02-28 04:53:24,7050000,,False
2026-02-28 04:53:30,3525000,,False
2026-02-28 04:53:35,3550000,,False
2026-02-28 04:53:40,3575000,,False
2026-02-28 04:58:45,7000000,,False
2026-02-28 04:58:50,7025000,,False
2026-02-28 04:58:56,7050000,,False
2026-02-28 04:59:01,3525000,,False
2026-02-28 04:59:07,3550000,,False
2026-02-28 04:59:12,3575000,,False
2026-02-28 05:04:17,7000000,,False
2026-02-28 05:04:22,7025000,,False
2026-02-28 05:04:28,7050000,,False
2026-02-28 05:04:33,3525000,,False
2026-02-28 05:04:38,3550000,,False
2026-02-28 05:04:43,3575000,314.6629694540018,True
2026-02-28 05:09:49,7000000,,False
2026-02-28 05:09:54,7025000,,False
2026-02-28 05:10:00,7050000,,False
2026-02-28 05:10:05,3525000,,False
2026-02-28 05:10:10,3550000,,False
2026-02-28 05:10:15,3575000,,False
2026-02-28 05:15:20,7000000,,False
2026-02-28 05:15:26,7025000,,False
2026-02-28 05:15:32,7050000,,False
2026-02-28 05:15:37,3525000,,False
2026-02-28 05:15:42,3550000,,False
2026-02-28 05:15:47,3575000,,False
2026-02-28 05:20:52,7000000,,False
2026-02-28 05:20:58,7025000,,False
2026-02-28 05:21:03,7050000,,False
2026-02-28 05:21:08,3525000,,False
2026-02-28 05:21:14,3550000,,False
2026-02-28 05:21:19,3575000,,False
2026-02-28 05:26:24,7000000,,False
2026-02-28 05:26:29,7025000,,False
2026-02-28 05:26:34,7050000,,False
2026-02-28 05:26:40,3525000,,False
2026-02-28 05:26:45,3550000,,False
2026-02-28 05:26:50,3575000,,False
2026-02-28 05:31:55,7000000,,False
2026-02-28 05:32:00,7025000,,False
2026-02-28 05:32:06,7050000,,False
2026-02-28 05:32:11,3525000,,False
2026-02-28 05:32:16,3550000,,False
2026-02-28 05:32:21,3575000,,False
2026-02-28 05:37:26,7000000,,False
2026-02-28 05:37:32,7025000,,False
2026-02-28 05:37:37,7050000,,False
2026-02-28 05:37:42,3525000,,False
2026-02-28 05:37:47,3550000,,False
2026-02-28 05:37:52,3575000,,False
2026-02-28 05:42:57,7000000,,False
2026-02-28 05:43:03,7025000,,False
2026-02-28 05:43:08,7050000,,False
2026-02-28 05:43:13,3525000,,False
2026-02-28 05:43:18,3550000,,False
2026-02-28 05:43:23,3575000,251.73037556320145,True
2026-02-28 05:48:29,7000000,,False
2026-02-28 05:48:34,7025000,,False
2026-02-28 05:48:39,7050000,429.01609737752926,True
2026-02-28 05:48:44,3525000,,False
2026-02-28 05:48:49,3550000,,False
2026-02-28 05:48:54,3575000,,False
2026-02-28 05:54:00,7000000,,False
2026-02-28 05:54:05,7025000,,False
2026-02-28 05:54:10,7050000,,False
2026-02-28 05:54:15,3525000,,False
2026-02-28 05:54:20,3550000,,False
2026-02-28 05:54:26,3575000,,False
2026-02-28 05:59:31,7000000,,False
2026-02-28 05:59:36,7025000,,False
2026-02-28 05:59:41,7050000,,False
2026-02-28 05:59:46,3525000,,False
2026-02-28 05:59:52,3550000,,False
2026-02-28 05:59:57,3575000,,False
2026-02-28 06:05:02,7000000,,False
2026-02-28 06:05:07,7025000,,False
2026-02-28 06:05:12,7050000,,False
2026-02-28 06:05:18,3525000,,False
2026-02-28 06:05:23,3550000,,False
2026-02-28 06:05:28,3575000,,False
2026-02-28 06:10:33,7000000,,False
2026-02-28 06:10:38,7025000,,False
2026-02-28 06:10:44,7050000,,False
2026-02-28 06:10:49,3525000,,False
2026-02-28 06:10:54,3550000,,False
2026-02-28 06:10:59,3575000,402.15462437535837,True
2026-02-28 06:16:04,7000000,,False
2026-02-28 06:16:09,7025000,,False
2026-02-28 06:16:15,7050000,,False
2026-02-28 06:16:20,3525000,,False
2026-02-28 06:16:25,3550000,,False
2026-02-28 06:16:30,3575000,,False
2026-02-28 06:21:35,7000000,,False
2026-02-28 06:21:41,7025000,,False
2026-02-28 06:21:46,7050000,,False
2026-02-28 06:21:51,3525000,,False
2026-02-28 06:21:56,3550000,,False
2026-02-28 06:22:01,3575000,,False
2026-02-28 06:27:07,7000000,,False
2026-02-28 06:27:12,7025000,,False
2026-02-28 06:27:17,7050000,,False
2026-02-28 06:27:22,3525000,,False
2026-02-28 06:27:27,3550000,,False
2026-02-28 06:27:32,3575000,,False
2026-02-28 06:32:38,7000000,,False
2026-02-28 06:32:43,7025000,,False
2026-02-28 06:32:49,7050000,,False
2026-02-28 06:32:54,3525000,,False
2026-02-28 06:32:59,3550000,,False
2026-02-28 06:33:04,3575000,,False
2026-02-28 06:38:09,7000000,,False
2026-02-28 06:38:15,7025000,,False
2026-02-28 06:38:20,7050000,,False
2026-02-28 06:38:26,3525000,,False
2026-02-28 06:38:31,3550000,,False
2026-02-28 06:38:36,3575000,427.4811560631195,True
2026-02-28 06:43:41,7000000,,False
2026-02-28 06:43:46,7025000,,False
2026-02-28 06:43:52,7050000,,False
2026-02-28 06:43:57,3525000,,False
2026-02-28 06:44:03,3550000,,False
2026-02-28 06:44:08,3575000,,False
2026-02-28 06:49:13,7000000,,False
2026-02-28 06:49:18,7025000,,False
2026-02-28 06:49:23,7050000,,False
2026-02-28 06:49:29,3525000,,False
2026-02-28 06:49:34,3550000,,False
2026-02-28 06:49:39,3575000,,False
2026-02-28 06:54:44,7000000,,False
2026-02-28 06:54:49,7025000,,False
2026-02-28 06:54:55,7050000,,False
2026-02-28 06:55:00,3525000,,False
2026-02-28 06:55:05,3550000,,False
2026-02-28 06:55:10,3575000,,False
2026-02-28 07:00:15,7000000,,False
2026-02-28 07:00:21,7025000,,False
2026-02-28 07:00:26,7050000,,False
2026-02-28 07:00:31,3525000,,False
2026-02-28 07:00:36,3550000,,False
2026-02-28 07:00:41,3575000,,False
2026-02-28 07:05:46,7000000,,False
2026-02-28 07:05:52,7025000,,False
2026-02-28 07:05:57,7050000,,False
2026-02-28 07:06:02,3525000,,False
2026-02-28 07:06:07,3550000,,False
2026-02-28 07:06:12,3575000,,False
2026-02-28 07:11:18,7000000,,False
2026-02-28 07:11:23,7025000,,False
2026-02-28 07:11:28,7050000,,False
2026-02-28 07:11:33,3525000,,False
2026-02-28 07:11:38,3550000,,False
2026-02-28 07:11:44,3575000,277.0569072509626,True
2026-02-28 07:16:49,7000000,,False
2026-02-28 07:16:54,7025000,,False
2026-02-28 07:16:59,7050000,,False
2026-02-28 07:17:04,3525000,398.317271089334,True
2026-02-28 07:17:10,3550000,,False
2026-02-28 07:17:15,3575000,,False
2026-02-28 07:22:20,7000000,,False
2026-02-28 07:22:25,7025000,,False
2026-02-28 07:22:30,7050000,,False
2026-02-28 07:22:36,3525000,,False
2026-02-28 07:22:41,3550000,,False
2026-02-28 07:22:46,3575000,,False
2026-02-28 07:27:51,7000000,,False
2026-02-28 07:27:56,7025000,,False
2026-02-28 07:28:01,7050000,,False
2026-02-28 07:28:07,3525000,,False
2026-02-28 07:28:12,3550000,,False
2026-02-28 07:28:17,3575000,,False
2026-02-28 07:33:22,7000000,,False
2026-02-28 07:33:27,7025000,,False
2026-02-28 07:33:33,7050000,,False
2026-02-28 07:33:38,3525000,,False
2026-02-28 07:33:43,3550000,,False
2026-02-28 07:33:48,3575000,273.21955396493814,True
2026-02-28 07:38:53,7000000,,False
2026-02-28 07:38:59,7025000,,False
2026-02-28 07:39:04,7050000,,False
2026-02-28 07:39:09,3525000,,False
2026-02-28 07:39:14,3550000,,False
2026-02-28 07:39:19,3575000,,False
2026-02-28 07:44:25,7000000,,False
2026-02-28 07:44:30,7025000,,False
2026-02-28 07:44:35,7050000,,False
2026-02-28 07:44:40,3525000,,False
2026-02-28 07:44:45,3550000,,False
2026-02-28 07:44:50,3575000,,False
2026-02-28 07:49:56,7000000,,False
2026-02-28 07:50:01,7025000,,False
2026-02-28 07:50:06,7050000,,False
2026-02-28 07:50:11,3525000,,False
2026-02-28 07:50:16,3550000,,False
2026-02-28 07:50:22,3575000,,False
2026-02-28 07:55:27,7000000,,False
2026-02-28 07:55:32,7025000,,False
2026-02-28 07:55:37,7050000,,False
2026-02-28 07:55:42,3525000,,False
2026-02-28 07:55:48,3550000,,False
2026-02-28 07:55:53,3575000,,False
2026-02-28 08:00:58,7000000,,False
2026-02-28 08:01:03,7025000,,False
2026-02-28 08:01:08,7050000,317.73285208282135,True
2026-02-28 08:01:14,3525000,,False
2026-02-28 08:01:19,3550000,,False
2026-02-28 08:01:24,3575000,,False
2026-02-28 08:06:29,7000000,,False
2026-02-28 08:06:34,7025000,,False
2026-02-28 08:06:40,7050000,,False
2026-02-28 08:06:45,3525000,,False
2026-02-28 08:06:50,3550000,,False
2026-02-28 08:06:55,3575000,,False
2026-02-28 08:12:00,7000000,,False
2026-02-28 08:12:06,7025000,,False
2026-02-28 08:12:11,7050000,,False
2026-02-28 08:12:16,3525000,,False
2026-02-28 08:12:21,3550000,,False
2026-02-28 08:12:26,3575000,,False
2026-02-28 08:17:31,7000000,,False
2026-02-28 08:17:37,7025000,,False
2026-02-28 08:17:42,7050000,,False
2026-02-28 08:17:47,3525000,,False
2026-02-28 08:17:52,3550000,,False
2026-02-28 08:17:57,3575000,,False
2026-02-28 08:23:03,7000000,,False
2026-02-28 08:23:08,7025000,,False
2026-02-28 08:23:13,7050000,,False
2026-02-28 08:23:18,3525000,,False
2026-02-28 08:23:23,3550000,,False
2026-02-28 08:23:29,3575000,,False
2026-02-28 08:28:34,7000000,,False
2026-02-28 08:28:39,7025000,,False
2026-02-28 08:28:44,7050000,,False
2026-02-28 08:28:49,3525000,,False
2026-02-28 08:28:54,3550000,,False
2026-02-28 08:29:00,3575000,,False
2026-02-28 08:34:05,7000000,,False
2026-02-28 08:34:10,7025000,,False
2026-02-28 08:34:15,7050000,,False
2026-02-28 08:34:20,3525000,,False
2026-02-28 08:34:26,3550000,,False
2026-02-28 08:34:31,3575000,317.73285208282135,True
2026-02-28 08:39:36,7000000,,False
2026-02-28 08:39:41,7025000,,False
2026-02-28 08:39:46,7050000,426.7136854059146,True
2026-02-28 08:39:52,3525000,,False
2026-02-28 08:39:57,3550000,,False
2026-02-28 08:40:02,3575000,,False
2026-02-28 08:45:07,7000000,,False
2026-02-28 08:45:12,7025000,,False
2026-02-28 08:45:18,7050000,,False
2026-02-28 08:45:23,3525000,,False
2026-02-28 08:45:28,3550000,,False
2026-02-28 08:45:33,3575000,,False
2026-02-28 08:50:38,7000000,,False
2026-02-28 08:50:44,7025000,,False
2026-02-28 08:50:49,7050000,,False
2026-02-28 08:50:54,3525000,,False
2026-02-28 08:50:59,3550000,,False
2026-02-28 08:51:04,3575000,,False
2026-02-28 08:56:10,7000000,,False
2026-02-28 08:56:15,7025000,,False
2026-02-28 08:56:20,7050000,,False
2026-02-28 08:56:25,3525000,,False
2026-02-28 08:56:30,3550000,,False
2026-02-28 08:56:35,3575000,,False
2026-02-28 09:01:41,7000000,,False
2026-02-28 09:01:46,7025000,,False
2026-02-28 09:01:51,7050000,,False
2026-02-28 09:01:56,3525000,,False
2026-02-28 09:02:01,3550000,,False
2026-02-28 09:02:06,3575000,,False
2026-02-28 09:07:12,7000000,,False
2026-02-28 09:07:17,7025000,,False
2026-02-28 09:07:22,7050000,,False
2026-02-28 09:07:27,3525000,,False
2026-02-28 09:07:32,3550000,,False
2026-02-28 09:07:38,3575000,368.38591545834356,True
2026-02-28 09:12:43,7000000,,False
2026-02-28 09:12:48,7025000,,False
2026-02-28 09:12:53,7050000,,False
2026-02-28 09:12:58,3525000,,False
2026-02-28 09:13:04,3550000,,False
2026-02-28 09:13:09,3575000,,False
2026-02-28 09:18:14,7000000,,False
2026-02-28 09:18:19,7025000,,False
2026-02-28 09:18:24,7050000,,False
2026-02-28 09:18:30,3525000,,False
2026-02-28 09:18:35,3550000,,False
2026-02-28 09:18:40,3575000,333.84973588412385,True
2026-02-28 09:23:45,7000000,,False
2026-02-28 09:23:50,7025000,,False
2026-02-28 09:23:56,7050000,,False
2026-02-28 09:24:01,3525000,,False
2026-02-28 09:24:06,3550000,,False
2026-02-28 09:24:11,3575000,,False
2026-02-28 09:29:16,7000000,,False
2026-02-28 09:29:22,7025000,,False
2026-02-28 09:29:27,7050000,,False
2026-02-28 09:29:32,3525000,,False
2026-02-28 09:29:37,3550000,,False
2026-02-28 09:29:42,3575000,,False
2026-02-28 09:34:47,7000000,,False
2026-02-28 09:34:53,7025000,,False
2026-02-28 09:34:58,7050000,,False
2026-02-28 09:35:03,3525000,,False
2026-02-28 09:35:08,3550000,,False
2026-02-28 09:35:13,3575000,317.73285208282135,True
2026-02-28 09:40:19,7000000,,False
2026-02-28 09:40:24,7025000,,False
2026-02-28 09:40:29,7050000,,False
2026-02-28 09:40:34,3525000,,False
2026-02-28 09:40:39,3550000,,False
2026-02-28 09:40:44,3575000,396.7823297749242,True
2026-02-28 09:45:50,7000000,,False
2026-02-28 09:45:55,7025000,,False
2026-02-28 09:46:00,7050000,,False
2026-02-28 09:46:05,3525000,,False
2026-02-28 09:46:10,3550000,,False
2026-02-28 09:46:16,3575000,,False
2026-02-28 09:51:21,7000000,,False
2026-02-28 09:51:26,7025000,,False
2026-02-28 09:51:31,7050000,,False
2026-02-28 09:51:36,3525000,,False
2026-02-28 09:51:42,3550000,,False
2026-02-28 09:51:47,3575000,,False
2026-02-28 09:56:52,7000000,,False
2026-02-28 09:56:57,7025000,,False
2026-02-28 09:57:02,7050000,,False
2026-02-28 09:57:08,3525000,,False
2026-02-28 09:57:13,3550000,,False
2026-02-28 09:57:18,3575000,,False
2026-02-28 10:02:23,7000000,,False
2026-02-28 10:02:28,7025000,,False
2026-02-28 10:02:34,7050000,,False
2026-02-28 10:02:39,3525000,,False
2026-02-28 10:02:44,3550000,,False
2026-02-28 10:02:49,3575000,,False
2026-02-28 10:07:54,7000000,,False
2026-02-28 10:08:00,7025000,,False
2026-02-28 10:08:05,7050000,,False
2026-02-28 10:08:10,3525000,,False
2026-02-28 10:08:15,3550000,,False
2026-02-28 10:08:20,3575000,363.78109151511427,True
2026-02-28 10:13:25,7000000,,False
2026-02-28 10:13:31,7025000,,False
2026-02-28 10:13:36,7050000,,False
2026-02-28 10:13:41,3525000,,False
2026-02-28 10:13:46,3550000,,False
2026-02-28 10:13:51,3575000,,False
2026-02-28 10:18:57,7000000,,False
2026-02-28 10:19:02,7025000,,False
2026-02-28 10:19:07,7050000,,False
2026-02-28 10:19:12,3525000,,False
2026-02-28 10:19:17,3550000,,False
2026-02-28 10:19:22,3575000,,False
2026-02-28 10:24:28,7000000,,False
2026-02-28 10:24:33,7025000,,False
2026-02-28 10:24:38,7050000,,False
2026-02-28 10:24:43,3525000,,False
2026-02-28 10:24:48,3550000,,False
2026-02-28 10:24:54,3575000,,False
2026-02-28 10:29:59,7000000,,False
2026-02-28 10:30:04,7025000,,False
2026-02-28 10:30:09,7050000,,False
2026-02-28 10:30:14,3525000,,False
2026-02-28 10:30:20,3550000,,False
2026-02-28 10:30:25,3575000,,False
2026-02-28 10:35:30,7000000,,False
2026-02-28 10:35:35,7025000,,False
2026-02-28 10:35:40,7050000,,False
2026-02-28 10:35:46,3525000,,False
2026-02-28 10:35:51,3550000,,False
2026-02-28 10:35:56,3575000,,False
2026-02-28 10:41:01,7000000,,False
2026-02-28 10:41:06,7025000,,False
2026-02-28 10:41:12,7050000,,False
2026-02-28 10:41:17,3525000,,False
2026-02-28 10:41:22,3550000,,False
2026-02-28 10:41:27,3575000,,False
2026-02-28 10:46:32,7000000,,False
2026-02-28 10:46:38,7025000,,False
2026-02-28 10:46:43,7050000,,False
2026-02-28 10:46:48,3525000,,False
2026-02-28 10:46:53,3550000,,False
2026-02-28 10:46:58,3575000,,False
2026-02-28 10:52:03,7000000,,False
2026-02-28 10:52:09,7025000,,False
2026-02-28 10:52:14,7050000,,False
2026-02-28 10:52:19,3525000,,False
2026-02-28 10:52:24,3550000,,False
2026-02-28 10:52:29,3575000,,False
2026-02-28 10:57:35,7000000,,False
2026-02-28 10:57:40,7025000,,False
2026-02-28 10:57:45,7050000,,False
2026-02-28 10:57:50,3525000,,False
2026-02-28 10:57:55,3550000,,False
2026-02-28 10:58:01,3575000,,False
2026-02-28 11:03:06,7000000,,False
2026-02-28 11:03:11,7025000,,False
2026-02-28 11:03:16,7050000,,False
2026-02-28 11:03:21,3525000,,False
2026-02-28 11:03:26,3550000,,False
2026-02-28 11:03:32,3575000,,False
2026-02-28 11:08:37,7000000,,False
2026-02-28 11:08:42,7025000,,False
2026-02-28 11:08:47,7050000,,False
2026-02-28 11:08:52,3525000,,False
2026-02-28 11:08:58,3550000,,False
2026-02-28 11:09:03,3575000,,False
2026-02-28 11:14:08,7000000,,False
2026-02-28 11:14:13,7025000,,False
2026-02-28 11:14:18,7050000,,False
2026-02-28 11:14:24,3525000,,False
2026-02-28 11:14:29,3550000,,False
2026-02-28 11:14:34,3575000,,False
2026-02-28 11:19:39,7000000,,False
2026-02-28 11:19:44,7025000,,False
2026-02-28 11:19:50,7050000,,False
2026-02-28 11:19:55,3525000,,False
2026-02-28 11:20:00,3550000,,False
2026-02-28 11:20:05,3575000,,False
2026-02-28 11:25:10,7000000,,False
2026-02-28 11:25:16,7025000,,False
2026-02-28 11:25:21,7050000,,False
2026-02-28 11:25:26,3525000,,False
2026-02-28 11:25:31,3550000,,False
2026-02-28 11:25:36,3575000,,False
2026-02-28 11:30:41,7000000,,False
2026-02-28 11:30:47,7025000,,False
2026-02-28 11:30:52,7050000,,False
2026-02-28 11:30:57,3525000,,False
2026-02-28 11:31:02,3550000,,False
2026-02-28 11:31:07,3575000,,False
2026-02-28 11:36:13,7000000,,False
2026-02-28 11:36:18,7025000,,False
2026-02-28 11:36:23,7050000,,False
2026-02-28 11:36:28,3525000,,False
2026-02-28 11:36:33,3550000,,False
2026-02-28 11:36:38,3575000,,False
2026-02-28 11:41:44,7000000,,False
2026-02-28 11:41:49,7025000,,False
2026-02-28 11:41:54,7050000,,False
2026-02-28 11:41:59,3525000,352.269031657041,True
2026-02-28 11:42:04,3550000,,False
2026-02-28 11:42:10,3575000,,False
2026-02-28 11:47:15,7000000,,False
2026-02-28 11:47:20,7025000,,False
2026-02-28 11:47:26,7050000,,False
2026-02-28 11:47:31,3525000,,False
2026-02-28 11:47:36,3550000,,False
2026-02-28 11:47:41,3575000,,False
2026-02-28 11:52:47,7000000,,False
2026-02-28 11:52:52,7025000,,False
2026-02-28 11:52:58,7050000,,False
2026-02-28 11:53:03,3525000,,False
2026-02-28 11:53:08,3550000,,False
2026-02-28 11:53:13,3575000,,False
2026-02-28 11:58:18,7000000,336.9196185129434,True
2026-02-28 11:58:24,7025000,,False
2026-02-28 11:58:29,7050000,,False
2026-02-28 11:58:35,3525000,,False
2026-02-28 11:58:40,3550000,,False
2026-02-28 11:58:45,3575000,,False
2026-02-28 12:03:50,7000000,,False
2026-02-28 12:03:55,7025000,,False
2026-02-28 12:04:01,7050000,,False
2026-02-28 12:04:06,3525000,,False
2026-02-28 12:04:12,3550000,,False
2026-02-28 12:04:17,3575000,,False
2026-02-28 12:09:22,7000000,287.034025794626,True
2026-02-28 12:09:27,7025000,,False
2026-02-28 12:09:33,7050000,,False
2026-02-28 12:09:38,3525000,,False
2026-02-28 12:09:43,3550000,,False
2026-02-28 12:09:48,3575000,,False
2026-02-28 12:14:54,7000000,264.7773767356844,True
2026-02-28 12:14:59,7025000,,False
2026-02-28 12:15:05,7050000,,False
2026-02-28 12:15:10,3525000,,False
2026-02-28 12:15:15,3550000,,False
2026-02-28 12:15:20,3575000,,False
2026-02-28 12:20:25,7000000,262.4749647640698,True
2026-02-28 12:20:31,7025000,,False
2026-02-28 12:20:37,7050000,,False
2026-02-28 12:20:42,3525000,,False
2026-02-28 12:20:47,3550000,,False
2026-02-28 12:20:52,3575000,,False
2026-02-28 12:25:57,7000000,,False
2026-02-28 12:26:02,7025000,283.9641431658065,True
2026-02-28 12:26:08,7050000,,False
2026-02-28 12:26:13,3525000,,False
2026-02-28 12:26:18,3550000,,False
2026-02-28 12:26:23,3575000,,False
2026-02-28 12:31:28,7000000,250.96290490599657,True
2026-02-28 12:31:34,7025000,277.82437790816743,True
2026-02-28 12:31:39,7050000,280.1267898797821,True
2026-02-28 12:31:44,3525000,,False
2026-02-28 12:31:49,3550000,,False
2026-02-28 12:31:54,3575000,,False
2026-02-28 12:36:59,7000000,248.66049293438192,True
2026-02-28 12:37:05,7025000,,False
2026-02-28 12:37:10,7050000,,False
2026-02-28 12:37:15,3525000,,False
2026-02-28 12:37:20,3550000,,False
2026-02-28 12:37:25,3575000,,False
2026-02-28 12:42:31,7000000,243.28819833394772,True
2026-02-28 12:42:36,7025000,,False
2026-02-28 12:42:41,7050000,,False
2026-02-28 12:42:46,3525000,,False
2026-02-28 12:42:51,3550000,375.2931513731875,True
2026-02-28 12:42:56,3575000,,False
2026-02-28 12:48:02,7000000,264.7773767356844,True
2026-02-28 12:48:07,7025000,262.4749647640698,True
2026-02-28 12:48:12,7050000,,False
2026-02-28 12:48:17,3525000,,False
2026-02-28 12:48:22,3550000,,False
2026-02-28 12:48:28,3575000,306.2207922247481,True
2026-02-28 12:53:33,7000000,,False
2026-02-28 12:53:38,7025000,264.00990607847956,True
2026-02-28 12:53:43,7050000,251.73037556320145,True
2026-02-28 12:53:48,3525000,,False
2026-02-28 12:53:54,3550000,,False
2026-02-28 12:53:59,3575000,,False
2026-02-28 12:59:04,7000000,255.56772884922583,True
2026-02-28 12:59:09,7025000,257.1026701636356,True
2026-02-28 12:59:14,7050000,,False
2026-02-28 12:59:20,3525000,,False
2026-02-28 12:59:25,3550000,,False
2026-02-28 12:59:30,3575000,,False
2026-02-28 13:04:35,7000000,250.19543424879168,True
2026-02-28 13:04:40,7025000,,False
2026-02-28 13:04:46,7050000,,False
2026-02-28 13:04:51,3525000,,False
2026-02-28 13:04:56,3550000,,False
2026-02-28 13:05:01,3575000,,False
2026-02-28 13:10:06,7000000,,False
2026-02-28 13:10:12,7025000,,False
2026-02-28 13:10:17,7050000,,False
2026-02-28 13:10:22,3525000,,False
2026-02-28 13:10:27,3550000,,False
2026-02-28 13:10:32,3575000,,False
2026-02-28 13:15:37,7000000,,False
2026-02-28 13:15:43,7025000,250.19543424879168,True
2026-02-28 13:15:48,7050000,252.4978462204063,True
2026-02-28 13:15:53,3525000,,False
2026-02-28 13:15:58,3550000,,False
2026-02-28 13:16:03,3575000,,False
2026-02-28 13:21:09,7000000,,False
2026-02-28 13:21:14,7025000,,False
2026-02-28 13:21:19,7050000,240.98578636233307,True
2026-02-28 13:21:24,3525000,,False
2026-02-28 13:21:29,3550000,,False
2026-02-28 13:21:35,3575000,,False
2026-02-28 13:26:40,7000000,252.4978462204063,True
2026-02-28 13:26:45,7025000,254.03278753481607,True
2026-02-28 13:26:50,7050000,250.96290490599657,True
2026-02-28 13:26:55,3525000,,False
2026-02-28 13:27:01,3550000,,False
2026-02-28 13:27:06,3575000,274.7544952793479,True
2026-02-28 13:32:11,7000000,,False
2026-02-28 13:32:16,7025000,,False
2026-02-28 13:32:21,7050000,254.03278753481607,True
2026-02-28 13:32:26,3525000,,False
2026-02-28 13:32:32,3550000,,False
2026-02-28 13:32:37,3575000,,False
2026-02-28 13:37:42,7000000,,False
2026-02-28 13:37:47,7025000,246.35808096276725,True
2026-02-28 13:37:53,7050000,,False
2026-02-28 13:37:58,3525000,,False
2026-02-28 13:38:03,3550000,,False
2026-02-28 13:38:08,3575000,,False
2026-02-28 13:43:13,7000000,254.03278753481607,True
2026-02-28 13:43:19,7025000,264.7773767356844,True
2026-02-28 13:43:24,7050000,,False
2026-02-28 13:43:29,3525000,,False
2026-02-28 13:43:34,3550000,,False
2026-02-28 13:43:39,3575000,,False
2026-02-28 13:48:44,7000000,,False
2026-02-28 13:48:50,7025000,,False
2026-02-28 13:48:55,7050000,,False
2026-02-28 13:49:00,3525000,,False
2026-02-28 13:49:05,3550000,,False
2026-02-28 13:49:10,3575000,,False
2026-02-28 13:54:16,7000000,252.4978462204063,True
2026-02-28 13:54:21,7025000,255.56772884922583,True
2026-02-28 13:54:26,7050000,257.1026701636356,True
2026-02-28 13:54:31,3525000,,False
2026-02-28 13:54:36,3550000,,False
2026-02-28 13:54:41,3575000,,False
2026-02-28 13:59:47,7000000,257.1026701636356,True
2026-02-28 13:59:52,7025000,250.96290490599657,True
2026-02-28 13:59:57,7050000,255.56772884922583,True
2026-02-28 14:00:02,3525000,,False
2026-02-28 14:00:07,3550000,,False
2026-02-28 14:00:13,3575000,,False
2026-02-28 14:05:18,7000000,,False
2026-02-28 14:05:23,7025000,247.12555161997213,True
2026-02-28 14:05:28,7050000,,False
2026-02-28 14:05:33,3525000,,False
2026-02-28 14:05:39,3550000,,False
2026-02-28 14:05:44,3575000,,False
2026-02-28 14:10:49,7000000,,False
2026-02-28 14:10:54,7025000,251.73037556320145,True
2026-02-28 14:11:00,7050000,250.19543424879168,True
2026-02-28 14:11:05,3525000,,False
2026-02-28 14:11:10,3550000,,False
2026-02-28 14:11:15,3575000,,False
2026-02-28 14:16:20,7000000,,False
2026-02-28 14:16:26,7025000,,False
2026-02-28 14:16:31,7050000,,False
2026-02-28 14:16:36,3525000,,False
2026-02-28 14:16:41,3550000,,False
2026-02-28 14:16:46,3575000,,False
2026-02-28 14:21:51,7000000,254.03278753481607,True
2026-02-28 14:21:57,7025000,254.03278753481607,True
2026-02-28 14:22:02,7050000,254.03278753481607,True
2026-02-28 14:22:07,3525000,,False
2026-02-28 14:22:12,3550000,,False
2026-02-28 14:22:17,3575000,,False
2026-02-28 14:27:23,7000000,,False
2026-02-28 14:27:28,7025000,259.40508213525027,True
2026-02-28 14:27:33,7050000,260.94002344966003,True
2026-02-28 14:27:38,3525000,,False
2026-02-28 14:27:43,3550000,,False
2026-02-28 14:27:49,3575000,,False
2026-02-28 14:32:54,7000000,256.33519950643074,True
2026-02-28 14:32:59,7025000,252.4978462204063,True
2026-02-28 14:33:04,7050000,244.0556689911526,True
2026-02-28 14:33:09,3525000,,False
2026-02-28 14:33:15,3550000,,False
2026-02-28 14:33:20,3575000,372.223268744368,True
2026-02-28 14:38:25,7000000,254.80025819202095,True
2026-02-28 14:38:30,7025000,264.7773767356844,True
2026-02-28 14:38:35,7050000,,False
2026-02-28 14:38:41,3525000,,False
2026-02-28 14:38:46,3550000,,False
2026-02-28 14:38:51,3575000,,False
2026-02-28 14:43:56,7000000,,False
2026-02-28 14:44:01,7025000,,False
2026-02-28 14:44:07,7050000,,False
2026-02-28 14:44:12,3525000,,False
2026-02-28 14:44:17,3550000,,False
2026-02-28 14:44:22,3575000,,False
2026-02-28 14:49:27,7000000,272.45208330773323,True
2026-02-28 14:49:33,7025000,247.12555161997213,True
2026-02-28 14:49:38,7050000,,False
2026-02-28 14:49:43,3525000,,False
2026-02-28 14:49:48,3550000,,False
2026-02-28 14:49:53,3575000,,False
2026-02-28 14:54:59,7000000,,False
2026-02-28 14:55:04,7025000,,False
2026-02-28 14:55:09,7050000,,False
2026-02-28 14:55:14,3525000,,False
2026-02-28 14:55:19,3550000,,False
2026-02-28 14:55:25,3575000,,False
2026-02-28 15:00:30,7000000,,False
2026-02-28 15:00:35,7025000,,False
2026-02-28 15:00:40,7050000,,False
2026-02-28 15:00:45,3525000,,False
2026-02-28 15:00:51,3550000,,False
2026-02-28 15:00:56,3575000,,False
2026-02-28 15:06:01,7000000,,False
2026-02-28 15:06:06,7025000,,False
2026-02-28 15:06:11,7050000,330.7798532553043,True
2026-02-28 15:06:17,3525000,,False
2026-02-28 15:06:22,3550000,,False
2026-02-28 15:06:27,3575000,,False
2026-02-28 15:11:32,7000000,,False
2026-02-28 15:11:37,7025000,,False
2026-02-28 15:11:43,7050000,247.893022277177,True
2026-02-28 15:11:48,3525000,,False
2026-02-28 15:11:53,3550000,,False
2026-02-28 15:11:58,3575000,,False
2026-02-28 15:17:03,7000000,,False
2026-02-28 15:17:09,7025000,254.80025819202095,True
2026-02-28 15:17:14,7050000,,False
2026-02-28 15:17:19,3525000,,False
2026-02-28 15:17:24,3550000,,False
2026-02-28 15:17:29,3575000,,False
2026-02-28 15:22:35,7000000,,False
2026-02-28 15:22:40,7025000,,False
2026-02-28 15:22:45,7050000,,False
2026-02-28 15:22:50,3525000,,False
2026-02-28 15:22:55,3550000,,False
2026-02-28 15:23:01,3575000,,False
2026-02-28 15:28:06,7000000,264.00990607847956,True
2026-02-28 15:28:11,7025000,,False
2026-02-28 15:28:16,7050000,,False
2026-02-28 15:28:21,3525000,,False
2026-02-28 15:28:27,3550000,,False
2026-02-28 15:28:32,3575000,,False
2026-02-28 15:33:37,7000000,260.1725527924551,True
2026-02-28 15:33:42,7025000,258.63761147804536,True
2026-02-28 15:33:47,7050000,262.4749647640698,True
2026-02-28 15:33:53,3525000,,False
2026-02-28 15:33:58,3550000,410.5968016046121,True
2026-02-28 15:34:03,3575000,,False
2026-02-28 15:39:08,7000000,257.8701408208405,True
2026-02-28 15:39:13,7025000,260.94002344966003,True
2026-02-28 15:39:18,7050000,,False
2026-02-28 15:39:24,3525000,,False
2026-02-28 15:39:29,3550000,,False
2026-02-28 15:39:34,3575000,,False
2026-02-28 15:44:39,7000000,,False
2026-02-28 15:44:44,7025000,252.4978462204063,True
2026-02-28 15:44:50,7050000,257.1026701636356,True
2026-02-28 15:44:55,3525000,,False
2026-02-28 15:45:00,3550000,,False
2026-02-28 15:45:05,3575000,,False
2026-02-28 15:50:10,7000000,,False
2026-02-28 15:50:16,7025000,,False
2026-02-28 15:50:21,7050000,,False
2026-02-28 15:50:26,3525000,,False
2026-02-28 15:50:31,3550000,,False
2026-02-28 15:50:36,3575000,,False
2026-02-28 15:55:42,7000000,343.05938377058243,True
2026-02-28 15:55:47,7025000,254.80025819202095,True
2026-02-28 15:55:52,7050000,,False
2026-02-28 15:55:57,3525000,,False
2026-02-28 15:56:02,3550000,,False
2026-02-28 15:56:07,3575000,,False
2026-02-28 16:01:13,7000000,267.0797887072991,True
2026-02-28 16:01:18,7025000,,False
2026-02-28 16:01:23,7050000,,False
2026-02-28 16:01:28,3525000,,False
2026-02-28 16:01:33,3550000,,False
2026-02-28 16:01:39,3575000,,False
2026-02-28 16:06:44,7000000,,False
2026-02-28 16:06:49,7025000,278.59184856537235,True
2026-02-28 16:06:54,7050000,,False
2026-02-28 16:06:59,3525000,,False
2026-02-28 16:07:05,3550000,,False
2026-02-28 16:07:10,3575000,,False
2026-02-28 16:12:15,7000000,261.7074941068649,True
2026-02-28 16:12:20,7025000,,False
2026-02-28 16:12:25,7050000,,False
2026-02-28 16:12:31,3525000,,False
2026-02-28 16:12:36,3550000,,False
2026-02-28 16:12:41,3575000,,False
2026-02-28 16:17:46,7000000,257.1026701636356,True
2026-02-28 16:17:51,7025000,,False
2026-02-28 16:17:57,7050000,,False
2026-02-28 16:18:02,3525000,,False
2026-02-28 16:18:07,3550000,,False
2026-02-28 16:18:12,3575000,,False
2026-02-28 16:23:17,7000000,,False
2026-02-28 16:23:23,7025000,257.1026701636356,True
2026-02-28 16:23:28,7050000,,False
2026-02-28 16:23:33,3525000,,False
2026-02-28 16:23:38,3550000,,False
2026-02-28 16:23:43,3575000,,False
2026-02-28 16:28:48,7000000,260.1725527924551,True
2026-02-28 16:28:54,7025000,260.94002344966003,True
2026-02-28 16:28:59,7050000,,False
2026-02-28 16:29:04,3525000,,False
2026-02-28 16:29:09,3550000,,False
2026-02-28 16:29:14,3575000,,False
2026-02-28 16:34:20,7000000,264.7773767356844,True
2026-02-28 16:34:25,7025000,,False
2026-02-28 16:34:31,7050000,,False
2026-02-28 16:34:36,3525000,,False
2026-02-28 16:34:41,3550000,,False
2026-02-28 16:34:46,3575000,,False
2026-02-28 16:39:51,7000000,265.5448473928893,True
2026-02-28 16:39:57,7025000,266.31231805009423,True
2026-02-28 16:40:02,7050000,,False
2026-02-28 16:40:07,3525000,,False
2026-02-28 16:40:12,3550000,,False
2026-02-28 16:40:17,3575000,,False
2026-02-28 16:45:22,7000000,,False
2026-02-28 16:45:28,7025000,,False
2026-02-28 16:45:33,7050000,,False
2026-02-28 16:45:38,3525000,,False
2026-02-28 16:45:43,3550000,,False
2026-02-28 16:45:48,3575000,,False
2026-02-28 16:50:54,7000000,,False
2026-02-28 16:50:59,7025000,261.7074941068649,True
2026-02-28 16:51:04,7050000,,False
2026-02-28 16:51:09,3525000,,False
2026-02-28 16:51:14,3550000,,False
2026-02-28 16:51:20,3575000,,False
2026-02-28 16:56:25,7000000,267.0797887072991,True
2026-02-28 16:56:30,7025000,265.5448473928893,True
2026-02-28 16:56:35,7050000,,False
2026-02-28 16:56:40,3525000,,False
2026-02-28 16:56:46,3550000,,False
2026-02-28 16:56:51,3575000,,False
2026-02-28 17:01:56,7000000,,False
2026-02-28 17:02:01,7025000,,False
2026-02-28 17:02:06,7050000,,False
2026-02-28 17:02:12,3525000,,False
2026-02-28 17:02:17,3550000,,False
2026-02-28 17:02:22,3575000,,False
2026-02-28 17:07:27,7000000,261.7074941068649,True
2026-02-28 17:07:32,7025000,256.33519950643074,True
2026-02-28 17:07:38,7050000,,False
2026-02-28 17:07:43,3525000,,False
2026-02-28 17:07:48,3550000,,False
2026-02-28 17:07:53,3575000,,False
2026-02-28 17:12:58,7000000,,False
2026-02-28 17:13:04,7025000,253.26531687761118,True
2026-02-28 17:13:09,7050000,,False
2026-02-28 17:13:14,3525000,,False
2026-02-28 17:13:19,3550000,,False
2026-02-28 17:13:24,3575000,,False
2026-02-28 17:18:29,7000000,258.63761147804536,True
2026-02-28 17:18:35,7025000,,False
2026-02-28 17:18:40,7050000,,False
2026-02-28 17:18:45,3525000,,False
2026-02-28 17:18:50,3550000,,False
2026-02-28 17:18:55,3575000,,False
2026-02-28 17:24:00,7000000,261.7074941068649,True
2026-02-28 17:24:06,7025000,,False
2026-02-28 17:24:11,7050000,,False
2026-02-28 17:24:16,3525000,,False
2026-02-28 17:24:21,3550000,,False
2026-02-28 17:24:26,3575000,,False
2026-02-28 17:29:32,7000000,257.1026701636356,True
2026-02-28 17:29:37,7025000,260.94002344966003,True
2026-02-28 17:29:42,7050000,,False
2026-02-28 17:29:47,3525000,,False
2026-02-28 17:29:52,3550000,,False
2026-02-28 17:29:58,3575000,,False
2026-02-28 17:35:03,7000000,254.03278753481607,True
2026-02-28 17:35:08,7025000,254.03278753481607,True
2026-02-28 17:35:13,7050000,253.26531687761118,True
2026-02-28 17:35:18,3525000,,False
2026-02-28 17:35:24,3550000,,False
2026-02-28 17:35:29,3575000,,False
2026-02-28 17:40:34,7000000,,False
2026-02-28 17:40:39,7025000,249.4279635915868,True
2026-02-28 17:40:44,7050000,,False
2026-02-28 17:40:50,3525000,,False
2026-02-28 17:40:55,3550000,,False
2026-02-28 17:41:00,3575000,,False
2026-02-28 17:46:05,7000000,,False
2026-02-28 17:46:10,7025000,250.19543424879168,True
2026-02-28 17:46:16,7050000,,False
2026-02-28 17:46:21,3525000,,False
2026-02-28 17:46:26,3550000,,False
2026-02-28 17:46:31,3575000,,False
2026-02-28 17:51:36,7000000,,False
2026-02-28 17:51:41,7025000,257.1026701636356,True
2026-02-28 17:51:47,7050000,,False
2026-02-28 17:51:52,3525000,,False
2026-02-28 17:51:57,3550000,,False
2026-02-28 17:52:02,3575000,,False
2026-02-28 17:57:07,7000000,,False
2026-02-28 17:57:13,7025000,257.8701408208405,True
2026-02-28 17:57:18,7050000,,False
2026-02-28 17:57:23,3525000,,False
2026-02-28 17:57:28,3550000,,False
2026-02-28 17:57:33,3575000,,False
2026-02-28 18:02:38,7000000,259.40508213525027,True
2026-02-28 18:02:44,7025000,251.73037556320145,True
2026-02-28 18:02:49,7050000,,False
2026-02-28 18:02:54,3525000,,False
2026-02-28 18:02:59,3550000,,False
2026-02-28 18:03:04,3575000,,False
2026-02-28 18:08:10,7000000,259.40508213525027,True
2026-02-28 18:08:15,7025000,259.40508213525027,True
2026-02-28 18:08:20,7050000,,False
2026-02-28 18:08:25,3525000,,False
2026-02-28 18:08:30,3550000,,False
2026-02-28 18:08:36,3575000,,False
2026-02-28 18:13:41,7000000,257.1026701636356,True
2026-02-28 18:13:46,7025000,257.1026701636356,True
2026-02-28 18:13:51,7050000,,False
2026-02-28 18:13:56,3525000,,False
2026-02-28 18:14:02,3550000,,False
2026-02-28 18:14:07,3575000,,False
2026-02-28 18:19:12,7000000,258.63761147804536,True
2026-02-28 18:19:17,7025000,260.1725527924551,True
2026-02-28 18:19:22,7050000,,False
2026-02-28 18:19:28,3525000,,False
2026-02-28 18:19:33,3550000,,False
2026-02-28 18:19:38,3575000,,False
2026-02-28 18:24:43,7000000,260.1725527924551,True
2026-02-28 18:24:48,7025000,260.94002344966003,True
2026-02-28 18:24:54,7050000,263.24243542127465,True
2026-02-28 18:24:59,3525000,,False
2026-02-28 18:25:04,3550000,,False
2026-02-28 18:25:09,3575000,,False
2026-02-28 18:30:14,7000000,258.63761147804536,True
2026-02-28 18:30:20,7025000,259.40508213525027,True
2026-02-28 18:30:25,7050000,,False
2026-02-28 18:30:30,3525000,,False
2026-02-28 18:30:35,3550000,,False
2026-02-28 18:30:40,3575000,,False
2026-02-28 18:35:45,7000000,257.1026701636356,True
2026-02-28 18:35:51,7025000,257.8701408208405,True
2026-02-28 18:35:56,7050000,251.73037556320145,True
2026-02-28 18:36:01,3525000,,False
2026-02-28 18:36:06,3550000,,False
2026-02-28 18:36:11,3575000,,False
2026-02-28 18:41:17,7000000,250.19543424879168,True
2026-02-28 18:41:22,7025000,,False
2026-02-28 18:41:27,7050000,,False
2026-02-28 18:41:32,3525000,,False
2026-02-28 18:41:37,3550000,,False
2026-02-28 18:41:43,3575000,,False
2026-02-28 18:46:48,7000000,,False
2026-02-28 18:46:53,7025000,,False
2026-02-28 18:46:58,7050000,253.26531687761118,True
2026-02-28 18:47:03,3525000,,False
2026-02-28 18:47:09,3550000,,False
2026-02-28 18:47:14,3575000,,False
2026-02-28 18:52:19,7000000,260.1725527924551,True
2026-02-28 18:52:24,7025000,260.1725527924551,True
2026-02-28 18:52:29,7050000,,False
2026-02-28 18:52:35,3525000,,False
2026-02-28 18:52:40,3550000,,False
2026-02-28 18:52:45,3575000,,False
2026-02-28 18:57:50,7000000,259.40508213525027,True
2026-02-28 18:57:55,7025000,260.1725527924551,True
2026-02-28 18:58:01,7050000,,False
2026-02-28 18:58:06,3525000,,False
2026-02-28 18:58:11,3550000,,False
2026-02-28 18:58:16,3575000,,False
2026-02-28 19:03:21,7000000,257.8701408208405,True
2026-02-28 19:03:27,7025000,,False
2026-02-28 19:03:32,7050000,266.31231805009423,True
2026-02-28 19:03:37,3525000,,False
2026-02-28 19:03:42,3550000,295.4762030238797,True
2026-02-28 19:03:47,3575000,285.49908448021625,True
2026-02-28 19:08:52,7000000,258.63761147804536,True
2026-02-28 19:08:58,7025000,260.1725527924551,True
2026-02-28 19:09:03,7050000,264.00990607847956,True
2026-02-28 19:09:08,3525000,,False
2026-02-28 19:09:13,3550000,,False
2026-02-28 19:09:18,3575000,,False
2026-02-28 19:14:24,7000000,261.7074941068649,True
2026-02-28 19:14:29,7025000,257.1026701636356,True
2026-02-28 19:14:34,7050000,260.1725527924551,True
2026-02-28 19:14:39,3525000,,False
2026-02-28 19:14:44,3550000,,False
2026-02-28 19:14:50,3575000,,False
2026-02-28 19:19:55,7000000,263.24243542127465,True
2026-02-28 19:20:00,7025000,264.00990607847956,True
2026-02-28 19:20:05,7050000,,False
2026-02-28 19:20:10,3525000,,False
2026-02-28 19:20:16,3550000,,False
2026-02-28 19:20:21,3575000,,False
2026-02-28 19:25:26,7000000,262.4749647640698,True
2026-02-28 19:25:31,7025000,264.7773767356844,True
2026-02-28 19:25:36,7050000,255.56772884922583,True
2026-02-28 19:25:41,3525000,,False
2026-02-28 19:25:47,3550000,,False
2026-02-28 19:25:52,3575000,,False
2026-02-28 19:30:57,7000000,262.4749647640698,True
2026-02-28 19:31:02,7025000,260.94002344966003,True
2026-02-28 19:31:07,7050000,,False
2026-02-28 19:31:13,3525000,,False
2026-02-28 19:31:18,3550000,,False
2026-02-28 19:31:23,3575000,,False
2026-02-28 19:36:28,7000000,259.40508213525027,True
2026-02-28 19:36:33,7025000,260.94002344966003,True
2026-02-28 19:36:39,7050000,,False
2026-02-28 19:36:44,3525000,,False
2026-02-28 19:36:49,3550000,,False
2026-02-28 19:36:54,3575000,,False
2026-02-28 19:41:59,7000000,260.94002344966003,True
2026-02-28 19:42:05,7025000,264.00990607847956,True
2026-02-28 19:42:10,7050000,,False
2026-02-28 19:42:15,3525000,,False
2026-02-28 19:42:20,3550000,,False
2026-02-28 19:42:25,3575000,,False
2026-02-28 19:47:30,7000000,262.4749647640698,True
2026-02-28 19:47:36,7025000,,False
2026-02-28 19:47:42,7050000,,False
2026-02-28 19:47:47,3525000,,False
2026-02-28 19:47:52,3550000,,False
2026-02-28 19:47:57,3575000,,False
2026-02-28 19:53:02,7000000,262.4749647640698,True
2026-02-28 19:53:08,7025000,,False
2026-02-28 19:53:13,7050000,,False
2026-02-28 19:53:18,3525000,,False
2026-02-28 19:53:24,3550000,,False
2026-02-28 19:53:29,3575000,,False
2026-02-28 19:58:34,7000000,313.8954987967969,True
2026-02-28 19:58:39,7025000,,False
2026-02-28 19:58:45,7050000,253.26531687761118,True
2026-02-28 19:58:50,3525000,,False
2026-02-28 19:58:55,3550000,,False
2026-02-28 19:59:01,3575000,,False
2026-02-28 20:04:06,7000000,264.7773767356844,True
2026-02-28 20:04:11,7025000,,False
2026-02-28 20:04:17,7050000,,False
2026-02-28 20:04:22,3525000,,False
2026-02-28 20:04:27,3550000,,False
2026-02-28 20:04:32,3575000,,False
2026-02-28 20:09:38,7000000,,False
2026-02-28 20:09:43,7025000,,False
2026-02-28 20:09:49,7050000,266.31231805009423,True
2026-02-28 20:09:54,3525000,,False
2026-02-28 20:09:59,3550000,,False
2026-02-28 20:10:04,3575000,,False
2026-02-28 20:15:09,7000000,,False
2026-02-28 20:15:15,7025000,,False
2026-02-28 20:15:20,7050000,261.7074941068649,True
2026-02-28 20:15:26,3525000,,False
2026-02-28 20:15:31,3550000,,False
2026-02-28 20:15:36,3575000,,False
2026-02-28 20:20:41,7000000,280.1267898797821,True
2026-02-28 20:20:46,7025000,,False
2026-02-28 20:20:52,7050000,,False
2026-02-28 20:20:57,3525000,,False
2026-02-28 20:21:02,3550000,,False
2026-02-28 20:21:08,3575000,,False
2026-02-28 20:26:13,7000000,265.5448473928893,True
2026-02-28 20:26:18,7025000,,False
2026-02-28 20:26:24,7050000,254.03278753481607,True
2026-02-28 20:26:29,3525000,,False
2026-02-28 20:26:34,3550000,412.1317429190218,True
2026-02-28 20:26:39,3575000,,False
2026-02-28 20:31:45,7000000,262.4749647640698,True
2026-02-28 20:31:50,7025000,264.00990607847956,True
2026-02-28 20:31:55,7050000,270.1496713361186,True
2026-02-28 20:32:00,3525000,421.34139080548044,True
2026-02-28 20:32:05,3550000,,False
2026-02-28 20:32:10,3575000,,False
2026-02-28 20:37:16,7000000,260.94002344966003,True
2026-02-28 20:37:21,7025000,,False
2026-02-28 20:37:27,7050000,263.24243542127465,True
2026-02-28 20:37:32,3525000,,False
2026-02-28 20:37:37,3550000,,False
2026-02-28 20:37:42,3575000,,False
2026-02-28 20:42:47,7000000,263.24243542127465,True
2026-02-28 20:42:53,7025000,,False
2026-02-28 20:42:59,7050000,255.56772884922583,True
2026-02-28 20:43:04,3525000,,False
2026-02-28 20:43:09,3550000,,False
2026-02-28 20:43:14,3575000,,False
2026-02-28 20:48:19,7000000,264.7773767356844,True
2026-02-28 20:48:25,7025000,,False
2026-02-28 20:48:30,7050000,270.1496713361186,True
2026-02-28 20:48:35,3525000,,False
2026-02-28 20:48:41,3550000,,False
2026-02-28 20:48:46,3575000,,False
2026-02-28 20:53:51,7000000,262.4749647640698,True
2026-02-28 20:53:56,7025000,,False
2026-02-28 20:54:02,7050000,,False
2026-02-28 20:54:07,3525000,,False
2026-02-28 20:54:12,3550000,,False
2026-02-28 20:54:18,3575000,,False
2026-02-28 20:59:23,7000000,259.40508213525027,True
2026-02-28 20:59:28,7025000,,False
2026-02-28 20:59:34,7050000,,False
2026-02-28 20:59:39,3525000,,False
2026-02-28 20:59:44,3550000,,False
2026-02-28 20:59:49,3575000,,False
2026-02-28 21:04:55,7000000,266.31231805009423,True
2026-02-28 21:05:00,7025000,323.87261734046035,True
2026-02-28 21:05:06,7050000,254.03278753481607,True
2026-02-28 21:05:11,3525000,,False
2026-02-28 21:05:16,3550000,,False
2026-02-28 21:05:21,3575000,268.61473002170885,True
2026-02-28 21:10:26,7000000,264.7773767356844,True
2026-02-28 21:10:32,7025000,,False
2026-02-28 21:10:37,7050000,273.987024622143,True
2026-02-28 21:10:43,3525000,,False
2026-02-28 21:10:48,3550000,,False
2026-02-28 21:10:53,3575000,,False
2026-02-28 21:15:58,7000000,270.91714199332347,True
2026-02-28 21:16:03,7025000,,False
2026-02-28 21:16:09,7050000,,False
2026-02-28 21:16:14,3525000,,False
2026-02-28 21:16:19,3550000,,False
2026-02-28 21:16:25,3575000,,False
2026-02-28 21:21:30,7000000,260.1725527924551,True
2026-02-28 21:21:35,7025000,,False
2026-02-28 21:21:41,7050000,262.4749647640698,True
2026-02-28 21:21:46,3525000,,False
2026-02-28 21:21:51,3550000,,False
2026-02-28 21:21:56,3575000,,False
2026-02-28 21:27:02,7000000,259.40508213525027,True
2026-02-28 21:27:07,7025000,,False
2026-02-28 21:27:13,7050000,,False
2026-02-28 21:27:18,3525000,,False
2026-02-28 21:27:23,3550000,,False
2026-02-28 21:27:28,3575000,,False
2026-02-28 21:32:33,7000000,,False
2026-02-28 21:32:39,7025000,,False
2026-02-28 21:32:44,7050000,251.73037556320145,True
2026-02-28 21:32:50,3525000,,False
2026-02-28 21:32:55,3550000,,False
2026-02-28 21:33:00,3575000,,False
2026-02-28 21:38:05,7000000,257.1026701636356,True
2026-02-28 21:38:10,7025000,,False
2026-02-28 21:38:16,7050000,,False
2026-02-28 21:38:21,3525000,,False
2026-02-28 21:38:26,3550000,,False
2026-02-28 21:38:31,3575000,,False
2026-02-28 21:43:36,7000000,,False
2026-02-28 21:43:42,7025000,250.19543424879168,True
2026-02-28 21:43:47,7050000,269.3822006789137,True
2026-02-28 21:43:52,3525000,,False
2026-02-28 21:43:57,3550000,,False
2026-02-28 21:44:02,3575000,,False
2026-02-28 21:49:08,7000000,255.56772884922583,True
2026-02-28 21:49:13,7025000,,False
2026-02-28 21:49:18,7050000,250.96290490599657,True
2026-02-28 21:49:23,3525000,,False
2026-02-28 21:49:28,3550000,,False
2026-02-28 21:49:33,3575000,,False
2026-02-28 21:54:39,7000000,255.56772884922583,True
2026-02-28 21:54:44,7025000,261.7074941068649,True
2026-02-28 21:54:49,7050000,,False
2026-02-28 21:54:54,3525000,,False
2026-02-28 21:54:59,3550000,,False
2026-02-28 21:55:05,3575000,,False
2026-02-28 22:00:10,7000000,262.4749647640698,True
2026-02-28 22:00:15,7025000,256.33519950643074,True
2026-02-28 22:00:20,7050000,265.5448473928893,True
2026-02-28 22:00:25,3525000,,False
2026-02-28 22:00:31,3550000,,False
2026-02-28 22:00:36,3575000,,False
2026-02-28 22:05:41,7000000,248.66049293438192,True
2026-02-28 22:05:46,7025000,261.7074941068649,True
2026-02-28 22:05:51,7050000,254.03278753481607,True
2026-02-28 22:05:57,3525000,,False
2026-02-28 22:06:02,3550000,,False
2026-02-28 22:06:07,3575000,,False
2026-02-28 22:11:12,7000000,255.56772884922583,True
2026-02-28 22:11:17,7025000,259.40508213525027,True
2026-02-28 22:11:23,7050000,,False
2026-02-28 22:11:28,3525000,,False
2026-02-28 22:11:33,3550000,,False
2026-02-28 22:11:38,3575000,,False
2026-02-28 22:16:43,7000000,256.33519950643074,True
2026-02-28 22:16:49,7025000,,False
2026-02-28 22:16:54,7050000,251.73037556320145,True
2026-02-28 22:16:59,3525000,,False
2026-02-28 22:17:04,3550000,,False
2026-02-28 22:17:09,3575000,,False
2026-02-28 22:22:15,7000000,,False
2026-02-28 22:22:20,7025000,,False
2026-02-28 22:22:25,7050000,,False
2026-02-28 22:22:30,3525000,,False
2026-02-28 22:22:35,3550000,,False
2026-02-28 22:22:40,3575000,,False
2026-02-28 22:27:46,7000000,253.26531687761118,True
2026-02-28 22:27:51,7025000,239.4508450479233,True
2026-02-28 22:27:56,7050000,,False
2026-02-28 22:28:01,3525000,,False
2026-02-28 22:28:06,3550000,,False
2026-02-28 22:28:12,3575000,,False
2026-02-28 22:33:17,7000000,,False
2026-02-28 22:33:22,7025000,,False
2026-02-28 22:33:28,7050000,,False
2026-02-28 22:33:33,3525000,,False
2026-02-28 22:33:38,3550000,,False
2026-02-28 22:33:43,3575000,,False
2026-02-28 22:38:49,7000000,257.8701408208405,True
2026-02-28 22:38:54,7025000,,False
2026-02-28 22:39:00,7050000,,False
2026-02-28 22:39:05,3525000,,False
2026-02-28 22:39:10,3550000,,False
2026-02-28 22:39:15,3575000,,False
2026-02-28 22:44:20,7000000,257.1026701636356,True
2026-02-28 22:44:26,7025000,,False
2026-02-28 22:44:31,7050000,,False
2026-02-28 22:44:37,3525000,,False
2026-02-28 22:44:42,3550000,,False
2026-02-28 22:44:47,3575000,,False
2026-02-28 22:49:52,7000000,,False
2026-02-28 22:49:57,7025000,,False
2026-02-28 22:50:03,7050000,244.82313964835748,True
2026-02-28 22:50:08,3525000,,False
2026-02-28 22:50:14,3550000,363.01362085790936,True
2026-02-28 22:50:19,3575000,,False
2026-02-28 22:55:24,7000000,250.19543424879168,True
2026-02-28 22:55:29,7025000,257.8701408208405,True
2026-02-28 22:55:34,7050000,,False
2026-02-28 22:55:40,3525000,,False
2026-02-28 22:55:45,3550000,,False
2026-02-28 22:55:50,3575000,434.38839197796347,True
2026-02-28 23:00:55,7000000,264.7773767356844,True
2026-02-28 23:01:00,7025000,,False
2026-02-28 23:01:06,7050000,,False
2026-02-28 23:01:11,3525000,,False
2026-02-28 23:01:16,3550000,,False
2026-02-28 23:01:21,3575000,,False
2026-02-28 23:06:26,7000000,260.94002344966003,True
2026-02-28 23:06:32,7025000,,False
2026-02-28 23:06:37,7050000,254.80025819202095,True
2026-02-28 23:06:42,3525000,,False
2026-02-28 23:06:47,3550000,,False
2026-02-28 23:06:52,3575000,,False
2026-02-28 23:11:57,7000000,267.84725936450394,True
2026-02-28 23:12:03,7025000,,False
2026-02-28 23:12:09,7050000,270.1496713361186,True
2026-02-28 23:12:14,3525000,,False
2026-02-28 23:12:19,3550000,,False
2026-02-28 23:12:24,3575000,261.7074941068649,True
2026-02-28 23:17:29,7000000,263.24243542127465,True
2026-02-28 23:17:35,7025000,,False
2026-02-28 23:17:40,7050000,252.4978462204063,True
2026-02-28 23:17:45,3525000,,False
2026-02-28 23:17:51,3550000,,False
2026-02-28 23:17:56,3575000,,False
2026-02-28 23:23:01,7000000,261.7074941068649,True
2026-02-28 23:23:06,7025000,,False
2026-02-28 23:23:12,7050000,,False
2026-02-28 23:23:17,3525000,,False
2026-02-28 23:23:22,3550000,,False
2026-02-28 23:23:28,3575000,,False
2026-02-28 23:28:33,7000000,267.84725936450394,True
2026-02-28 23:28:38,7025000,280.1267898797821,True
2026-02-28 23:28:44,7050000,,False
2026-02-28 23:28:49,3525000,,False
2026-02-28 23:28:54,3550000,,False
2026-02-28 23:28:59,3575000,,False
2026-02-28 23:34:05,7000000,287.8014964518309,True
2026-02-28 23:34:10,7025000,,False
2026-02-28 23:34:16,7050000,252.4978462204063,True
2026-02-28 23:34:21,3525000,,False
2026-02-28 23:34:26,3550000,,False
2026-02-28 23:34:31,3575000,,False
2026-02-28 23:39:36,7000000,266.31231805009423,True
2026-02-28 23:39:42,7025000,,False
2026-02-28 23:39:47,7050000,339.9895011417629,True
2026-02-28 23:39:53,3525000,,False
2026-02-28 23:39:58,3550000,,False
2026-02-28 23:40:03,3575000,,False
2026-02-28 23:45:08,7000000,291.6388497378553,True
2026-02-28 23:45:13,7025000,,False
2026-02-28 23:45:19,7050000,,False
2026-02-28 23:45:24,3525000,,False
2026-02-28 23:45:29,3550000,,False
2026-02-28 23:45:35,3575000,,False
2026-02-28 23:50:40,7000000,310.0581455107725,True
2026-02-28 23:50:45,7025000,,False
2026-02-28 23:50:51,7050000,297.01114433828945,True
2026-02-28 23:50:56,3525000,,False
2026-02-28 23:51:01,3550000,,False
2026-02-28 23:51:06,3575000,,False
2026-02-28 23:56:12,7000000,296.2436736810846,True
2026-02-28 23:56:17,7025000,275.52196593655276,True
2026-02-28 23:56:22,7050000,316.96538142561644,True
2026-02-28 23:56:27,3525000,,False
2026-02-28 23:56:32,3550000,,False
2026-02-28 23:56:38,3575000,,False
